Name,URL
test-playbooks,https://github.com/ansible/test-playbooks
ansible-rhdh-templates,https://github.com/ansible/ansible-rhdh-templates
eda-server,https://github.com/ansible/eda-server
ansible-documentation,https://github.com/ansible/ansible-documentation
galaxy_ng,https://github.com/ansible/galaxy_ng
vscode-ansible,https://github.com/ansible/vscode-ansible
aap-notifications-feed-content,https://github.com/ansible/aap-notifications-feed-content
pylibssh,https://github.com/ansible/pylibssh
awx-plugins,https://github.com/ansible/awx-plugins
aap-dev,https://github.com/ansible/aap-dev
ansible-backstage-plugins,https://github.com/ansible/ansible-backstage-plugins
ansible-compat,https://github.com/ansible/ansible-compat
ansible-dev-environment,https://github.com/ansible/ansible-dev-environment
team-devtools,https://github.com/ansible/team-devtools
ansible-sign,https://github.com/ansible/ansible-sign
ansible-navigator,https://github.com/ansible/ansible-navigator
molecule,https://github.com/ansible/molecule
actions,https://github.com/ansible/actions
pytest-ansible,https://github.com/ansible/pytest-ansible
ansible-creator,https://github.com/ansible/ansible-creator
ansible-dev-tools,https://github.com/ansible/ansible-dev-tools
mkdocs-ansible,https://github.com/ansible/mkdocs-ansible
event-driven-ansible,https://github.com/ansible/event-driven-ansible
ansible-chatbot-service,https://github.com/ansible/ansible-chatbot-service
ansible-mcp-tools,https://github.com/ansible/ansible-mcp-tools
ansible-ai-connect-service,https://github.com/ansible/ansible-ai-connect-service
ansible-chatbot-stack,https://github.com/ansible/ansible-chatbot-stack
ansible,https://github.com/ansible/ansible
awx,https://github.com/ansible/awx
tower,https://github.com/ansible/tower
galaxy-importer,https://github.com/ansible/galaxy-importer
ansible-hub-ui,https://github.com/ansible/ansible-hub-ui
ansible-runner,https://github.com/ansible/ansible-runner
ansible-ai-connect-operator,https://github.com/ansible/ansible-ai-connect-operator
galaxy-operator,https://github.com/ansible/galaxy-operator
eda-server-operator,https://github.com/ansible/eda-server-operator
automation-platform-collection,https://github.com/ansible/automation-platform-collection
aap-docs,https://github.com/ansible/aap-docs
metrics-utility,https://github.com/ansible/metrics-utility
slides,https://github.com/ansible/slides
ansible.platform,https://github.com/ansible/ansible.platform
django-ansible-base,https://github.com/ansible/django-ansible-base
ansible-rulebook,https://github.com/ansible/ansible-rulebook
ansible-lint,https://github.com/ansible/ansible-lint
azure-aap-deployment-driver,https://github.com/ansible/azure-aap-deployment-driver
automation-reports,https://github.com/ansible/automation-reports
ansibotmini,https://github.com/ansible/ansibotmini
logos,https://github.com/ansible/logos
ansible-risk-insight,https://github.com/ansible/ansible-risk-insight
ansible-policybook-examples,https://github.com/ansible/ansible-policybook-examples
ansible-policy,https://github.com/ansible/ansible-policy
ansible-content-capture,https://github.com/ansible/ansible-content-capture
base-test-container,https://github.com/ansible/base-test-container
aap-bot-testing,https://github.com/ansible/aap-bot-testing
aap-containerized-installer,https://github.com/ansible/aap-containerized-installer
spare-tire,https://github.com/ansible/spare-tire
ansible-zuul-jobs,https://github.com/ansible/ansible-zuul-jobs
awx-operator,https://github.com/ansible/awx-operator
dispatcherd,https://github.com/ansible/dispatcherd
awx-resource-operator,https://github.com/ansible/awx-resource-operator
receptor,https://github.com/ansible/receptor
metrics-dashboard,https://github.com/ansible/metrics-dashboard
metrics-service,https://github.com/ansible/metrics-service
ansible-content-actions,https://github.com/ansible/ansible-content-actions
zuul-config,https://github.com/ansible/zuul-config
platform-service-framework,https://github.com/ansible/platform-service-framework
aap-mcp-server,https://github.com/ansible/aap-mcp-server
terraform-provider-aap,https://github.com/ansible/terraform-provider-aap
product-demos,https://github.com/ansible/product-demos
terraform-provider-ansible,https://github.com/ansible/terraform-provider-ansible
galaxy_collection,https://github.com/ansible/galaxy_collection
tower-override,https://github.com/ansible/tower-override
tox-ansible,https://github.com/ansible/tox-ansible
automation-platform-setup,https://github.com/ansible/automation-platform-setup
aap-upstream-ci-infra,https://github.com/ansible/aap-upstream-ci-infra
ansible-engineering,https://github.com/ansible/ansible-engineering
controller-assets,https://github.com/ansible/controller-assets
distro-test-containers,https://github.com/ansible/distro-test-containers
gha-policy,https://github.com/ansible/gha-policy
awx_plugins.interfaces,https://github.com/ansible/awx_plugins.interfaces
gh-action-record-test-results,https://github.com/ansible/gh-action-record-test-results
drools_jpy,https://github.com/ansible/drools_jpy
platform-service-example,https://github.com/ansible/platform-service-example
validated-content-discussion,https://github.com/ansible/validated-content-discussion
aap-must-gather,https://github.com/ansible/aap-must-gather
receptor-collection,https://github.com/ansible/receptor-collection
aws-ci-admin,https://github.com/ansible/aws-ci-admin
aapqa-test-content,https://github.com/ansible/aapqa-test-content
ansible-it,https://github.com/ansible/ansible-it
workshops,https://github.com/ansible/workshops
ansible-builder,https://github.com/ansible/ansible-builder
docsite,https://github.com/ansible/docsite
product-demos-postinstall,https://github.com/ansible/product-demos-postinstall
splunk-eda-ta,https://github.com/ansible/splunk-eda-ta
azure-pipelines-test-vm,https://github.com/ansible/azure-pipelines-test-vm
product-demos-bootstrap,https://github.com/ansible/product-demos-bootstrap
ansible-core-test-container,https://github.com/ansible/ansible-core-test-container
default-test-container,https://github.com/ansible/default-test-container
ui-packages,https://github.com/ansible/ui-packages
ansible-azp-tools,https://github.com/ansible/ansible-azp-tools
aap-gateway-operator,https://github.com/ansible/aap-gateway-operator
dvcs-action,https://github.com/ansible/dvcs-action
ai-persona-card-catalog,https://github.com/ansible/ai-persona-card-catalog
pattern-service,https://github.com/ansible/pattern-service
cloudstack-test-container,https://github.com/ansible/cloudstack-test-container
ansible-test-utility-container,https://github.com/ansible/ansible-test-utility-container
http-test-container,https://github.com/ansible/http-test-container
pypi-test-container,https://github.com/ansible/pypi-test-container
nios-test-container,https://github.com/ansible/nios-test-container
acme-test-container,https://github.com/ansible/acme-test-container
azure-pipelines-test-container,https://github.com/ansible/azure-pipelines-test-container
containmint,https://github.com/ansible/containmint
testing-project,https://github.com/ansible/testing-project
ansible-lightspeed-va-feedback,https://github.com/ansible/ansible-lightspeed-va-feedback
eda-sample-project,https://github.com/ansible/eda-sample-project
pattern-service-operator,https://github.com/ansible/pattern-service-operator
ai-jira-tool,https://github.com/ansible/ai-jira-tool
galaxy,https://github.com/ansible/galaxy
.github,https://github.com/ansible/.github
aap_ocp_refarch,https://github.com/ansible/aap_ocp_refarch
ansible-automation-platform-azure-billing-operator,https://github.com/ansible/ansible-automation-platform-azure-billing-operator
instruqt,https://github.com/ansible/instruqt
galaxykit,https://github.com/ansible/galaxykit
aap-runtime,https://github.com/ansible/aap-runtime
test-topologies,https://github.com/ansible/test-topologies
servicenow-content-services-app,https://github.com/ansible/servicenow-content-services-app
example-opa-policy-for-aap,https://github.com/ansible/example-opa-policy-for-aap
aap-dev-demo,https://github.com/ansible/aap-dev-demo
ansible-ui,https://github.com/ansible/ansible-ui
ansible-pattern-loader,https://github.com/ansible/ansible-pattern-loader
ansible-automation-platform-billing,https://github.com/ansible/ansible-automation-platform-billing
scratchpad,https://github.com/ansible/scratchpad
ansible-dynatrace-iac,https://github.com/ansible/ansible-dynatrace-iac
ecosystem-documentation,https://github.com/ansible/ecosystem-documentation
react-json-chart-builder,https://github.com/ansible/react-json-chart-builder
automation-calculator,https://github.com/ansible/automation-calculator
ansible-content-parser,https://github.com/ansible/ansible-content-parser
ansible-lightspeed-demos,https://github.com/ansible/ansible-lightspeed-demos
ansible-automation-platform-ui,https://github.com/ansible/ansible-automation-platform-ui
test-ansible-release,https://github.com/ansible/test-ansible-release
bedrock,https://github.com/ansible/bedrock
aap-upstream-ci,https://github.com/ansible/aap-upstream-ci
platform-service-template,https://github.com/ansible/platform-service-template
django-ansible-base-private,https://github.com/ansible/django-ansible-base-private
awx_plugins.inventory.vmware,https://github.com/ansible/awx_plugins.inventory.vmware
awx_plugins.inventory.azure_rm,https://github.com/ansible/awx_plugins.inventory.azure_rm
awx_plugins.inventory.gce,https://github.com/ansible/awx_plugins.inventory.gce
awx_plugins.inventory.ec2,https://github.com/ansible/awx_plugins.inventory.ec2
awx_plugins.inventory.constructed,https://github.com/ansible/awx_plugins.inventory.constructed
awx_plugins.inventory.satellite6_downstream,https://github.com/ansible/awx_plugins.inventory.satellite6_downstream
awx_plugins.inventory.satellite6,https://github.com/ansible/awx_plugins.inventory.satellite6
awx_plugins.inventory.insights_downstream,https://github.com/ansible/awx_plugins.inventory.insights_downstream
awx_plugins.inventory.insights,https://github.com/ansible/awx_plugins.inventory.insights
awx_plugins.inventory.controller_downstream,https://github.com/ansible/awx_plugins.inventory.controller_downstream
awx_plugins.inventory.controller,https://github.com/ansible/awx_plugins.inventory.controller
awx_plugins.inventory.rhv_downstream,https://github.com/ansible/awx_plugins.inventory.rhv_downstream
awx_plugins.inventory.rhv,https://github.com/ansible/awx_plugins.inventory.rhv
awx_plugins.inventory.openstack,https://github.com/ansible/awx_plugins.inventory.openstack
awx_plugins.inventory.terraform,https://github.com/ansible/awx_plugins.inventory.terraform
awx_plugins.inventory.openshift_virtualization_downstream,https://github.com/ansible/awx_plugins.inventory.openshift_virtualization_downstream
awx_plugins.inventory.openshift_virtualization,https://github.com/ansible/awx_plugins.inventory.openshift_virtualization
awx_plugins.managed_credential_type.terraform,https://github.com/ansible/awx_plugins.managed_credential_type.terraform
awx_plugins.managed_credential_type.gpg_public_key,https://github.com/ansible/awx_plugins.managed_credential_type.gpg_public_key
awx_plugins.managed_credential_type.registry,https://github.com/ansible/awx_plugins.managed_credential_type.registry
awx_plugins.managed_credential_type.kubernetes_bearer_token,https://github.com/ansible/awx_plugins.managed_credential_type.kubernetes_bearer_token
awx_plugins.managed_credential_type.rhv,https://github.com/ansible/awx_plugins.managed_credential_type.rhv
awx_plugins.managed_credential_type.insights,https://github.com/ansible/awx_plugins.managed_credential_type.insights
awx_plugins.managed_credential_type.bitbucket_dc_token,https://github.com/ansible/awx_plugins.managed_credential_type.bitbucket_dc_token
awx_plugins.managed_credential_type.gitlab_token,https://github.com/ansible/awx_plugins.managed_credential_type.gitlab_token
awx_plugins.managed_credential_type.github_token,https://github.com/ansible/awx_plugins.managed_credential_type.github_token
awx_plugins.managed_credential_type.azure_rm,https://github.com/ansible/awx_plugins.managed_credential_type.azure_rm
awx_plugins.managed_credential_type.gce,https://github.com/ansible/awx_plugins.managed_credential_type.gce
awx_plugins.managed_credential_type.satellite6,https://github.com/ansible/awx_plugins.managed_credential_type.satellite6
awx_plugins.managed_credential_type.vmware,https://github.com/ansible/awx_plugins.managed_credential_type.vmware
awx_plugins.managed_credential_type.openstack,https://github.com/ansible/awx_plugins.managed_credential_type.openstack
awx_plugins.managed_credential_type.aws,https://github.com/ansible/awx_plugins.managed_credential_type.aws
awx_plugins.managed_credential_type.net,https://github.com/ansible/awx_plugins.managed_credential_type.net
awx_plugins.managed_credential_type.vault,https://github.com/ansible/awx_plugins.managed_credential_type.vault
awx_plugins.managed_credential_type.scm,https://github.com/ansible/awx_plugins.managed_credential_type.scm
awx_plugins.managed_credential_type.ssh,https://github.com/ansible/awx_plugins.managed_credential_type.ssh
awx_plugins.managed_credential_type.galaxy_api_token,https://github.com/ansible/awx_plugins.managed_credential_type.galaxy_api_token
awx_plugins.managed_credential_type.controller,https://github.com/ansible/awx_plugins.managed_credential_type.controller
awx_plugins.credential.tss,https://github.com/ansible/awx_plugins.credential.tss
awx_plugins.credential.hashivault_ssh,https://github.com/ansible/awx_plugins.credential.hashivault_ssh
awx_plugins.credential.hashivault_kv,https://github.com/ansible/awx_plugins.credential.hashivault_kv
awx_plugins.credential.dsv,https://github.com/ansible/awx_plugins.credential.dsv
awx_plugins.credential.conjur,https://github.com/ansible/awx_plugins.credential.conjur
awx_plugins.credential.centrify,https://github.com/ansible/awx_plugins.credential.centrify
awx_plugins.credential.azure_keyvault,https://github.com/ansible/awx_plugins.credential.azure_keyvault
awx_plugins.credential.aws_secretmanager,https://github.com/ansible/awx_plugins.credential.aws_secretmanager
awx_plugins.credential.aws_assumerole,https://github.com/ansible/awx_plugins.credential.aws_assumerole
awx_plugins.credential.aim,https://github.com/ansible/awx_plugins.credential.aim
awx_plugins.credential.controller,https://github.com/ansible/awx_plugins.credential.controller
aws-identity-account-config,https://github.com/ansible/aws-identity-account-config
ansible-language-server,https://github.com/ansible/ansible-language-server
lightspeed-service,https://github.com/ansible/lightspeed-service
ansible-collaborative,https://github.com/ansible/ansible-collaborative
ansible-workspace-env-reference-image,https://github.com/ansible/ansible-workspace-env-reference-image
sonarcloud-public-test,https://github.com/ansible/sonarcloud-public-test
ansible-sdk,https://github.com/ansible/ansible-sdk
ansible-cicd,https://github.com/ansible/ansible-cicd
creator-ee,https://github.com/ansible/creator-ee
awx-ee,https://github.com/ansible/awx-ee
servicenow-eda-services-app,https://github.com/ansible/servicenow-eda-services-app
ansible-contributor-metrics,https://github.com/ansible/ansible-contributor-metrics
cloud-content-ci-automation,https://github.com/ansible/cloud-content-ci-automation
molecule-cookiecutter,https://github.com/ansible/molecule-cookiecutter
community-ansible-dev-tools-image,https://github.com/ansible/community-ansible-dev-tools-image
ansible-tower-samples,https://github.com/ansible/ansible-tower-samples
ansible-zen,https://github.com/ansible/ansible-zen
ansible-lightspeed,https://github.com/ansible/ansible-lightspeed
ansible-examples,https://github.com/ansible/ansible-examples
aap-upstream-ci-tests,https://github.com/ansible/aap-upstream-ci-tests
awx-logos,https://github.com/ansible/awx-logos
ansible-automation-platform-ui-operator,https://github.com/ansible/ansible-automation-platform-ui-operator
aap-jenkins-shared-library,https://github.com/ansible/aap-jenkins-shared-library
ansible_sdk_demo,https://github.com/ansible/ansible_sdk_demo
blog,https://github.com/ansible/blog
issue-forms-demo-for-ansible,https://github.com/ansible/issue-forms-demo-for-ansible
ansible-on-clouds-releases,https://github.com/ansible/ansible-on-clouds-releases
aap-gcpdm-standalone,https://github.com/ansible/aap-gcpdm-standalone
eda-partner-testing,https://github.com/ansible/eda-partner-testing
seeded-content-job-variables,https://github.com/ansible/seeded-content-job-variables
anonymizer,https://github.com/ansible/anonymizer
community,https://github.com/ansible/community
aap-gateway-service-lib,https://github.com/ansible/aap-gateway-service-lib
role-install-gcloud,https://github.com/ansible/role-install-gcloud
community-docs,https://github.com/ansible/community-docs
AoC-pipeline,https://github.com/ansible/AoC-pipeline
webhooks.js-release,https://github.com/ansible/webhooks.js-release
webhooks.js,https://github.com/ansible/webhooks.js
ansible-publish-action,https://github.com/ansible/ansible-publish-action
azure-pipelines-testing,https://github.com/ansible/azure-pipelines-testing
role-secure-docker-daemon,https://github.com/ansible/role-secure-docker-daemon
pinakes-ui,https://github.com/ansible/pinakes-ui
deploy_ldap,https://github.com/ansible/deploy_ldap
tower-example,https://github.com/ansible/tower-example
tacacs_plus,https://github.com/ansible/tacacs_plus
django-radius,https://github.com/ansible/django-radius
aws-cfn-bootstrap,https://github.com/ansible/aws-cfn-bootstrap
jinja-docsite,https://github.com/ansible/jinja-docsite
workshop-examples,https://github.com/ansible/workshop-examples
aws-cdk,https://github.com/ansible/aws-cdk
aws-cli,https://github.com/ansible/aws-cli
amazon-cloudwatch-agent,https://github.com/ansible/amazon-cloudwatch-agent
amazon-ssm-agent,https://github.com/ansible/amazon-ssm-agent
prometheus-podman-exporter,https://github.com/ansible/prometheus-podman-exporter
gcp-ops-agent,https://github.com/ansible/gcp-ops-agent
boto3,https://github.com/ansible/boto3
gcp-cloud-sql-proxy,https://github.com/ansible/gcp-cloud-sql-proxy
gcp-osconfig,https://github.com/ansible/gcp-osconfig
ansibullbot,https://github.com/ansible/ansibullbot
eda-awx-project-sample,https://github.com/ansible/eda-awx-project-sample
session-manager-plugin,https://github.com/ansible/session-manager-plugin
psycopg2,https://github.com/ansible/psycopg2
pinakes,https://github.com/ansible/pinakes
python-builder-image,https://github.com/ansible/python-builder-image
aap-gateway-poc,https://github.com/ansible/aap-gateway-poc
aut,https://github.com/ansible/aut
eda-server-prototype,https://github.com/ansible/eda-server-prototype
ansible-automation-platform-azure-billing,https://github.com/ansible/ansible-automation-platform-azure-billing
ansible-builder-shipwright-demo,https://github.com/ansible/ansible-builder-shipwright-demo
python-memcached,https://github.com/ansible/python-memcached
ansible-collection-memsource,https://github.com/ansible/ansible-collection-memsource
aap-awscf-amimgmt,https://github.com/ansible/aap-awscf-amimgmt
aap-gcpdm-imagemgmt,https://github.com/ansible/aap-gcpdm-imagemgmt
schemas,https://github.com/ansible/schemas
python3-saml,https://github.com/ansible/python3-saml
python-memsource,https://github.com/ansible/python-memsource
ansible-lockdown,https://github.com/ansible/ansible-lockdown
genealogist,https://github.com/ansible/genealogist
ansible-runner-service,https://github.com/ansible/ansible-runner-service
pytest-mp,https://github.com/ansible/pytest-mp
ansible-runner-zeromq,https://github.com/ansible/ansible-runner-zeromq
network-ee,https://github.com/ansible/network-ee
project-config,https://github.com/ansible/project-config
python-base-image,https://github.com/ansible/python-base-image
aap_migration,https://github.com/ansible/aap_migration
ansible-jupyter-kernel,https://github.com/ansible/ansible-jupyter-kernel
controller-github-auditor,https://github.com/ansible/controller-github-auditor
gha-wsl2-playground,https://github.com/ansible/gha-wsl2-playground
gha-runner-scaler,https://github.com/ansible/gha-runner-scaler
platform-2.0-partner-demo,https://github.com/ansible/platform-2.0-partner-demo
aap-qa-azurerm,https://github.com/ansible/aap-qa-azurerm
ansible-runner-test-container,https://github.com/ansible/ansible-runner-test-container
ansible-builder-test-container,https://github.com/ansible/ansible-builder-test-container
aap_refarch,https://github.com/ansible/aap_refarch
ansible-baseline,https://github.com/ansible/ansible-baseline
awx-facts-playbooks,https://github.com/ansible/awx-facts-playbooks
galaxy_collection_archived,https://github.com/ansible/galaxy_collection_archived
automation_services_catalog_client,https://github.com/ansible/automation_services_catalog_client
ansible-pypi-test-mirror,https://github.com/ansible/ansible-pypi-test-mirror
tower-nagios-integration,https://github.com/ansible/tower-nagios-integration
ansible-core-image,https://github.com/ansible/ansible-core-image
cloud-ee,https://github.com/ansible/cloud-ee
zuul-jobs,https://github.com/ansible/zuul-jobs
shippable-migration-tool,https://github.com/ansible/shippable-migration-tool
ansible-azp,https://github.com/ansible/ansible-azp
transfer-issues,https://github.com/ansible/transfer-issues
docker-test-containers,https://github.com/ansible/docker-test-containers
proposals,https://github.com/ansible/proposals
ansible-blog-examples,https://github.com/ansible/ansible-blog-examples
system-certifi,https://github.com/ansible/system-certifi
python-rhsm,https://github.com/ansible/python-rhsm
tower-cli,https://github.com/ansible/tower-cli
foreman-test-container,https://github.com/ansible/foreman-test-container
vcenter-test-container,https://github.com/ansible/vcenter-test-container
fallaxy-test-container,https://github.com/ansible/fallaxy-test-container
angular-scheduler,https://github.com/ansible/angular-scheduler
ngToast,https://github.com/ansible/ngToast
angular-tz-extensions,https://github.com/ansible/angular-tz-extensions
angular-codemirror,https://github.com/ansible/angular-codemirror
shippable-build-container,https://github.com/ansible/shippable-build-container
galaxy-dev,https://github.com/ansible/galaxy-dev
awx-custom-credential-plugin-example,https://github.com/ansible/awx-custom-credential-plugin-example
prmove,https://github.com/ansible/prmove
galaxy-api,https://github.com/ansible/galaxy-api
ansible-doctor,https://github.com/ansible/ansible-doctor
ansible-legacy-tests,https://github.com/ansible/ansible-legacy-tests
awx-rabbitmq,https://github.com/ansible/awx-rabbitmq
ansible_collections_f5,https://github.com/ansible/ansible_collections_f5
asgi_amqp,https://github.com/ansible/asgi_amqp
content_collector,https://github.com/ansible/content_collector
django-realworld-example-app,https://github.com/ansible/django-realworld-example-app
qa-scale-lab,https://github.com/ansible/qa-scale-lab
network,https://github.com/ansible/network
mazer,https://github.com/ansible/mazer
lightbulb,https://github.com/ansible/lightbulb
ansible-runner-aio,https://github.com/ansible/ansible-runner-aio
ansible-container,https://github.com/ansible/ansible-container
libcloud,https://github.com/ansible/libcloud
ansible-container-demo,https://github.com/ansible/ansible-container-demo
ansible-runner-http,https://github.com/ansible/ansible-runner-http
galaxy-lint-rules,https://github.com/ansible/galaxy-lint-rules
django-qsstats-magic,https://github.com/ansible/django-qsstats-magic
zuul-test-repo,https://github.com/ansible/zuul-test-repo
ansible-kubernetes-modules,https://github.com/ansible/ansible-kubernetes-modules
network-infra-playbooks,https://github.com/ansible/network-infra-playbooks
angular-drag-and-drop-lists,https://github.com/ansible/angular-drag-and-drop-lists
django-oauth-toolkit,https://github.com/ansible/django-oauth-toolkit
dci-partner-ansible,https://github.com/ansible/dci-partner-ansible
nginx-container,https://github.com/ansible/nginx-container
ansible-modules-extras,https://github.com/ansible/ansible-modules-extras
ansible-modules-core,https://github.com/ansible/ansible-modules-core
ansible-inventory-backport,https://github.com/ansible/ansible-inventory-backport
django-gulp-nginx,https://github.com/ansible/django-gulp-nginx
azure-testing,https://github.com/ansible/azure-testing
nvd3,https://github.com/ansible/nvd3
ansible-container-examples,https://github.com/ansible/ansible-container-examples
galaxy-issues,https://github.com/ansible/galaxy-issues
gevent-socketio,https://github.com/ansible/gevent-socketio
hello-world,https://github.com/ansible/hello-world
awx-insights-playbooks,https://github.com/ansible/awx-insights-playbooks
dci-ansible-testrunner,https://github.com/ansible/dci-ansible-testrunner
django-jsonfield,https://github.com/ansible/django-jsonfield
functools-total-ordering-monkeypatch,https://github.com/ansible/functools-total-ordering-monkeypatch
python-social-auth,https://github.com/ansible/python-social-auth
sherlock,https://github.com/ansible/sherlock
openstack-ci,https://github.com/ansible/openstack-ci
docutils,https://github.com/ansible/docutils
django-template,https://github.com/ansible/django-template
immutablish-deploys,https://github.com/ansible/immutablish-deploys
ansible.github.io,https://github.com/ansible/ansible.github.io
django-jsonbfield,https://github.com/ansible/django-jsonbfield
ansible-demo-operations,https://github.com/ansible/ansible-demo-operations
test-network-modules,https://github.com/ansible/test-network-modules
ansible-docker-base,https://github.com/ansible/ansible-docker-base
timezone-js,https://github.com/ansible/timezone-js
role-local-registry,https://github.com/ansible/role-local-registry
docker-testing,https://github.com/ansible/docker-testing
angular-breadcrumb,https://github.com/ansible/angular-breadcrumb
autoscaling-blog,https://github.com/ansible/autoscaling-blog
galaxy-docs,https://github.com/ansible/galaxy-docs
ansible-for-rubyists,https://github.com/ansible/ansible-for-rubyists
playbook-ansible_integration,https://github.com/ansible/playbook-ansible_integration
dm.xmlsec.binding,https://github.com/ansible/dm.xmlsec.binding
revelator,https://github.com/ansible/revelator
training-content,https://github.com/ansible/training-content
ambassadors,https://github.com/ansible/ambassadors
ansiconv,https://github.com/ansible/ansiconv
ansible.github.com,https://github.com/ansible/ansible.github.com
